channel_name,channel_id,real_state,lat_long,transcript_count,wordcount,speech_dur
Rutherford County Government,UCGdwu25OPaVj086VWWKtf1A,Tennessee,"(35.822984, -86.3966562)",1160,8569491,1003:29:13.62
CityOfGreenBay,UCd0WTidHx2LPWIJY-xrH9eg,Wisconsin,"(44.5133188, -88.0132958)",656,5520970,578:05:24.4
CalaverasCommunityTV,UCBa_xGTLZoFxsXKD_T506Qw,California,"(38.0696456, -120.5406678)",612,5235882,604:04:46.04
Philadelphia City Council,UC9bXJCRFPLxMhT22nZ7t8XA,Pennsylvania,"(39.9523789, -75.1635996)",836,4702557,516:44:6.63
LNKTV City,UCeRPazmGKkWc28SK3si9xWA,Nebraska,"(40.813616, -96.7025955)",749,4391728,487:19:53.34
CityofPhoenixAZ,UCx7FQNzOFCbtExt_gRub9JQ,Arizona,"(33.4483771, -112.0740373)",1177,4166706,441:37:7.01
NYC Mayor's Office,UClnI1zhyzv_BPb-VSHEtniw,New York,"(40.7133871, -74.00743609999999)",861,3737299,420:13:24.46
"City of Santa Rosa, California",UChF7Zl4VNfZFm-IUdtX6B_A,California,"(38.440429, -122.7140548)",137,3342177,254:22:34.1
WaterlooCommunityTV,UCykjSisg4jbUpxXoEIOqw5A,Iowa,"(42.456671, -92.35013599999999)",348,3254426,376:17:17.45
"Portsmouth, Virginia",UCZLXNtcdwwjECrPg6YrTiYg,Virginia,"(36.8354258, -76.2982742)",491,3167530,362:20:44.8
"Dayton, Ohio - City Government",UC8upHquptA3gqvKO7qXZvIg,Ohio,"(39.75962, -84.194052)",1081,3023258,312:36:44.59
CityofErie,UCQuw9_BuK-LGyRIOygHdkWw,Pennsylvania,"(42.12922409999999, -80.085059)",305,3018053,313:48:48.96
City Channel 4 - Iowa City,UCDfQkGRr6dgTs07YZdCUH_g,Iowa,"(41.6609059, -91.5315148)",695,2972589,319:37:6.63
"City of Murfreesboro, TN - Government",UCbOkz_e8N4rIFiZkmWTkf8g,Tennessee,"(35.844432, -86.393051)",1392,2325008,285:57:48.32
LitchfieldTV,UCghq7fALfNAB53QKWlOyScw,New Hampshire,"(42.84425359999999, -71.4797889)",266,2238768,256:28:1.39
City of Guthrie Oklahoma,UCXgtbXE9AmzOLEYm1wxe6tg,Oklahoma,"(35.878937, -97.42531849999999)",646,2217243,244:48:1.56
City of Delaware,UCdtmsOkpP8rbPbdZlCekIew,Ohio,"(40.2986724, -83.067965)",227,2158926,247:57:37.56
"City of New Ulm, MN",UCe4BSgVG_mRBNvu9HThuxnw,Minnesota,"(44.3144394, -94.45930179999999)",395,2120071,255:48:47.39
City of Boulder,UCAHm_LCXkzWpph_NDqZ0I4Q,Colorado,"(40.0149856, -105.2705456)",851,2104105,224:01:20.8
City of Salida Colorado,UCmmG6TTREbWPiGhQK_Jy1Ig,Colorado,"(38.5347193, -105.9989022)",173,2054832,251:53:4.06
City of Meridian,UCcQl8wZRqYIfxccWrUJBewg,Idaho,"(43.6121087, -116.3915131)",464,2044309,234:34:49.42
CCG TV,UC3gct-vKDbdIuF1ZTAvtOhA,Georgia,"(32.4609764, -84.9877094)",256,2006337,225:32:42.48
City of Fairhope,UCQsD9rKnDZ7Fik7D22bI0gw,Alabama,"(30.5229719, -87.9033261)",183,1932270,212:28:34.05
NorfolkTV,UCp20-oOitgfeAgxU34S-tPA,Virginia,"(36.8507689, -76.28587259999999)",965,1906131,202:06:18.23
City of Little Rock,UCoRn4kpi78zlnEN6deMwlQw,Arkansas,"(34.7464809, -92.28959479999999)",294,1867807,211:10:18.19
City of Longmont Colorado,UCH5_wkpLrKYb1JuUk6-UdNg,Colorado,"(40.1672068, -105.1019275)",234,1859206,224:03:57.36
Kern Government Television,UCmUJZiUo7nYq2x3IOnPqd5A,California,"(35.4937274, -118.8596804)",185,1825936,199:44:47.04
Macomb Board of Commissioners,UCDhWnZ6RMvQWhRHVfanLBxw,Michigan,"(42.5963627, -82.8780386)",235,1821679,192:54:38.17
Troy Michigan,UCm0tMiLQNPvL4Sz0CTjVYFg,Michigan,"(42.6064095, -83.1497751)",166,1800329,206:38:49.67
City of Oak Harbor,UCn1dx9RKIXMUr5s80nqG7hw,Washington,"(48.28829469999999, -122.6484205)",126,1772693,198:41:6.06
montgomeryva,UC4309B4P5WeQPjmZze1NUSw,Virginia,"(37.2070304, -80.4103957)",226,1768450,206:27:51.27
ILSpringfield,UCA6i8iv1zPHXx-sfI6DYF1w,Illinois,"(39.78172130000001, -89.6501481)",351,1753825,192:47:9.76
"The Official City Of DeKalb, Illinois Municipal Government Video Channel",UC_zpA4Z-yzeySUyvi44cZiQ,Illinois,"(41.9309747, -88.744069)",179,1706925,199:55:24.09
West Jordan,UC7Up4AfoWj0KebppgTvnLSg,Utah,"(40.6096698, -111.9391031)",146,1705740,206:56:4.27
Marion CountyFL,UCmYgAek8oIGmMcZe_y0OGzw,Florida,"(29.2787765, -82.12783999999999)",173,1695624,204:14:59.95
City Of Sebastian,UCpzAJigyTTM4gsU8NrjakIw,Florida,"(27.816415, -80.4706078)",178,1691195,189:29:8.8
RevereTV,UCGl4hREwgcCQxKA52C7Y_Bg,Massachusetts,"(42.410139, -71.01202540000001)",630,1688489,185:00:32.28
City of Richfield,UCW3EbpPy_Xwb2moaUUOFhVA,Minnesota,"(44.8832982, -93.28300209999999)",461,1618492,176:47:5.81
The City of Grand Rapids,UCBObm_Q73DcEDhgvdmoOh1w,Michigan,"(42.9633599, -85.6680863)",541,1569482,202:25:34.08
CityofOrlando,UCTOsxjDi8Wow6xhEbGvVugA,Florida,"(28.5383355, -81.3792365)",449,1569192,175:56:51.99
City of Punta Gorda,UC-Qo-k4PpXWo4IJQah6_Kqw,Florida,"(26.9297836, -82.0453664)",236,1524512,170:30:57.77
City of Columbus,UCfttJJ9T5_1W1JewiTJqzqA,Ohio,"(39.9611755, -82.99879419999999)",310,1516658,172:44:37.82
"City of Laconia, NH",UCDfxg8m4IMiGZikLF5pbE_g,New Hampshire,"(43.5278546, -71.4703509)",125,1513391,178:14:6.67
Town of Cary,UCFO7o7pWJ05YPZH6-T0hiyw,North Carolina,"(35.79154, -78.7811169)",378,1504812,171:06:50.58
"City of Casper, Wyoming",UCK-zvDPcmvu0mPRD2LPc6ng,Wyoming,"(42.8500769, -106.3251749)",109,1484291,182:01:4.56
"Kansas City, Mo. City Communications",UCYYgwhGr1HSqRi_h5uPF2Kg,Kansas,"(39.0083059, -94.4579961)",729,1463985,154:29:32.25
City of Sherwood,UC4hM1ujLIVpZAqSr0vM0Z7g,Oregon,"(45.3562638, -122.8402122)",148,1404443,167:15:57.17
Watch Berkeley Gov,UCHiRuLn-_8Fk1XMK8W7oP3w,California,"(37.8715926, -122.272747)",163,1390221,154:18:20.87
Municipal Meeting,UCYkaKwd_1OokRKlvteABFZQ,Rhode Island,"(41.6627151, -71.4524155)",123,1382369,168:18:20.83
centervillecityutah,UCqZ-L_LnFpbGbsBRKz4QFHA,Utah,"(40.9180005, -111.8721601)",88,1374124,152:55:41.07
"City of Mobile, AL",UCdLrEwf3ewSNmCNm21fVfNg,Alabama,"(30.6953657, -88.0398912)",160,1371622,167:23:58.71
City of Kerrville - Government,UCRt2JqXbobR1471dyOn5MJA,Texas,"(30.0469117, -99.1409022)",198,1343243,154:28:3.15
"City of Marshall, MN - Studio 1 TV",UCQN3dBrZlxrHNc6G0HTnIZA,Minnesota,"(44.454693, -95.758934)",195,1339905,159:01:7.19
City of Waverly,UCmAJkXjXePDZKkxPOPpeJpQ,Iowa,"(42.7272032, -92.4668511)",124,1337579,152:44:26.16
City of Nowthen MN,UCydgQQVA1NUIh3PUbWeZ04w,Minnesota,"(45.3324984, -93.44670149999999)",121,1321518,184:02:32.72
City of Reno,UClQT7q90igEYqA17nm-WwhQ,Nevada,"(39.5296329, -119.8138027)",810,1310636,141:16:4.09
Wallingford Government Television,UCdWP8OnNWc1nyrtewoqYRpQ,Connecticut,"(41.4864179, -72.7907814)",125,1308793,149:19:12.1
Town of Old Saybrook Video Library,UCwq-kallXEqCHOy9C35r34A,Connecticut,"(41.2902388, -72.3744107)",180,1295841,167:25:25.36
City of Santa Clara,UCBMGaWSyRhcGxg0fSG4msDA,California,"(37.3541079, -121.9552356)",116,1284931,152:54:29.58
MetroNashville,UCKpWDnPeJ9IQ9Sx7AfBORhg,Tennessee,"(36.1626638, -86.7816016)",483,1241689,137:30:29.35
Washington State Government,UCsuYgYm8vWyUNUfI3CMzuSQ,Washington,"(48.0421802, -122.7907344)",265,1192334,122:03:47.56
Newark City Council,UCWZ28Fau9gZ1D0U8F2L6UKg,Ohio,"(40.057701, -82.4040069)",203,1192041,134:09:39.68
"City of Bloomington, Illinois",UCS8WR70NFd2XMmFYRDHEGEw,Illinois,"(40.4842027, -88.99368729999999)",98,1170127,122:43:30.43
"City of Santa Maria, California",UCAmcDZPVzV6jUnVIof3F7dw,California,"(34.9530337, -120.4357191)",160,1169709,134:05:1.59
City of Willmar,UCtCdc2xGb0Hvrk6dd5OpmoA,Minnesota,"(45.1223711, -95.048659)",198,1147991,136:17:50.06
CityofGenevaIL,UCobt6LRW-pMEmfGNVuy5NxA,Illinois,"(41.8875281, -88.3053525)",142,1133297,132:22:25.81
CityofDestin,UCn_D1Iq1xxZhrkenq1d7EYA,Florida,"(30.3935337, -86.4957833)",137,1132076,128:30:49.82
Woodland Park Colorado,UCeKKRfEM3cKxDB3yz19_eDQ,Colorado,"(38.9938808, -105.0569301)",137,1124621,140:04:7.5
CHANNEL 17/ TOWN MEETING TV,UCJkWMLSqRNKLoyUZQiNoAcQ,Vermont,"(44.48777330000001, -73.20746150000001)",359,1098283,129:16:50.3
"City of Post Falls, Idaho",UC7PL9bReR18BlDnsmiOlraw,Idaho,"(47.7179578, -116.9515856)",164,1077860,132:30:14.32
City of Saratoga Springs,UCL97Ck7JMecdpmZLudfVhPQ,Utah,"(40.3301898, -111.9044877)",81,1077303,120:26:7.98
City of San Clemente,UCMJuEbFMmHeG8RBe-m6s7JQ,California,"(33.4273521, -117.6126004)",88,1068626,114:09:53.55
"City of Beaumont, Ca",UCvvsX3mVAdUeT7KLJnFgHYA,California,"(33.9294606, -116.977248)",105,1067822,126:54:3.64
Beaufort County NC Government,UCucOU3BykLPoXU2KjvX3CCg,North Carolina,"(35.5432661, -77.0547823)",79,1031079,108:37:48.44
Troy Ohio Videos,UCNnrSMWnG45jXoMSlwVFSNg,Ohio,"(40.0439807, -84.2023645)",391,1014613,122:30:0.96
City of Newberry,UC9MNwMuigm3PeKHacwz2xQQ,Florida,"(29.6463535, -82.6065023)",81,1005538,112:18:29.84
cityofokc,UCu7sVASWMRZ6V6F7EebBlbA,Oklahoma,"(35.471589, -97.4638281)",90,994539,104:45:22.48
"Johnson County, KS Government",UCUMpFQU8E0ifkWVrRz46tyQ,Kansas,"(38.9147113, -94.79942009999999)",246,982013,115:17:55.04
City of San Angelo,UCg9JRjdLIq0ZTMHn1fioiJw,Texas,"(31.4637723, -100.4370375)",125,972023,106:13:57.26
Adams County CO Government,UC7KDbF1XykrYlxnfhEH5XVA,Colorado,"(39.9239028, -104.8126509)",372,951181,115:48:37.59
WoodburyCountyIowa,UC7eJFP8TlXCX8V3sDDaePBA,Iowa,"(42.3166158, -95.9832577)",145,940993,119:42:13.19
"Eagle Mountain City, Utah",UCE6PWygb_g-qDncu6tkhU-g,Utah,"(40.31411689999999, -112.006882)",78,932357,107:41:33.57
"City of Hendersonville, TN",UCy-XOO0Miyy8QIuE4B4fRuA,Tennessee,"(36.3047735, -86.6199957)",79,919093,98:02:37.71
Cumberland County PA - Commissioners,UCDuoEW_vCX40aemvNS9RnKw,Pennsylvania,"(40.20116700000001, -77.188848)",248,917493,152:03:43.94
Germantown Municipal Television,UC4td-0odYtwzyFJSF6jN34w,Tennessee,"(35.0971915, -89.8414354)",188,893063,89:06:53.93
Humboldt County Iowa,UCZ6V3dlCIihapzhYTHjpCxw,Iowa,"(42.7482597, -94.19234000000002)",100,883680,106:07:33.2
"Mitchell, SD",UCOdLoS0nXWs5c1ejBbdrZNQ,South Dakota,"(43.7094283, -98.0297992)",89,860663,100:45:10.69
Township Council Meetings,UCqFPQ63LV3q5cA_yjnCnsmA,Washington,"(39.7397316, -75.0685712)",39,856804,95:09:41.69
"City of Moore, Oklahoma",UCak9ErtW71dyEoj7TmLlqHw,Oklahoma,"(35.3395079, -97.48670279999999)",334,855275,109:43:13.74
SCCMOTV,UClZsKsIKtPJkYwn1BtJgAFA,Missouri,"(37.9642529, -91.8318334)",411,851759,96:57:59.18
City of Lowell,UCeObjQ4b9fmrV22EiBb5KSA,Michigan,"(42.9336426, -85.34196089999999)",172,845497,103:19:39.36
Ottumwa Iowa,UCSPVpWJuu42NT03S9XgFFAA,Iowa,"(41.01602930000001, -92.40830220000001)",74,834589,89:13:34.57
Utah County Government,UCkRYDnXVDLGv9792bhWn9Wg,Utah,"(40.2330328, -111.6568586)",69,829029,87:23:16.11
"City of Saginaw, MI",UCTezqtA8UmUTHS_s4F9-Hpw,Michigan,"(43.4194699, -83.9508068)",140,825734,99:19:2.68
Oklahoma County,UCz_5jEcl6kV8f6Y71exwfJA,Oklahoma,"(35.6038323, -97.35165579999999)",184,821642,108:53:47.1
City of Bellevue Nebraska,UCZc74_1IgTNR4-YuLknTAJw,Nebraska,"(41.1543623, -95.9145568)",138,820018,95:49:31.12
City of Sioux City Council,UCrekGAbOEqDvdzn9w8FAcoQ,Iowa,"(42.4965857, -96.40594519999999)",69,815943,97:44:27.12
County Of Del Norte,UC7jaWC4x7QAq1bgC2L-aYvw,California,"(41.7076287, -123.9659708)",75,812758,91:40:52.63
City of Asheville,UC2QG4OKWo8tQ-h3fAwxr4eg,North Carolina,"(35.5950581, -82.5514869)",217,810924,90:01:33.76
City of Bellingham Washington,UCtKY2DeY9GkBr35opV7E2Lg,Washington,"(48.7519112, -122.4786854)",238,808021,88:51:56.52
"City of Springdale, Arkansas",UCDBXZsuggNDRY1QTEqH2MQg,Arkansas,"(36.18674420000001, -94.1288141)",83,790127,88:00:15.06
"City of Bakersfield, CA.",UCk3BaR0DdO7j_bZSKnIEK4w,California,"(35.3732921, -119.0187125)",108,783604,92:32:44.86
VirginiaBeachTV,UCe1QmZhxHuuZuUdQ9FtzTcA,Virginia,"(36.8529263, -75.97798499999999)",425,779993,86:31:55.55
Digital Peoria,UCr2anV7zsCAo1Rvjga7nYEA,Arizona,"(33.6282856, -112.2392489)",193,778059,86:52:5.84
City of Savannah,UCNaTc-Sjmlyby6XoBK8ZtrQ,Georgia,"(32.0808989, -81.091203)",328,761374,89:51:56.11
"City of Brandon, SD",UCkupAgckAKVqifovUqXw_TQ,South Dakota,"(43.5946963, -96.5719896)",70,751270,90:01:43.86
LawrenceburgIN,UCQ2JDPkIH-LfT_WRhvrYOMA,Indiana,"(39.090891, -84.8499504)",121,746734,96:09:3.77
The City of Irving,UCnakJoKIjNzMALPhHXxwFEA,Texas,"(32.8140177, -96.9488945)",422,745804,81:24:27.05
"City of Ellsworth, Maine",UCAoSufogSQbl5N5AtUIid4Q,Maine,"(44.5434095, -68.4194641)",93,740138,91:47:7.41
"Warren County, Virginia",UC4VkJGpBCNGqrwOEuxZSQoQ,Virginia,"(38.9331749, -78.24761459999999)",62,738266,83:20:36.52
Taneytown MD,UCQ7oudT2tx4u4P81ClUD6Hg,Maryland,"(39.6578773, -77.1744279)",108,731145,86:14:47.53
"City of Alice, TX",UC_9x9G-IMyGx4zPHxawQr5A,Texas,"(27.7522487, -98.0697249)",84,730358,84:45:17.57
"County of El Paso, Texas Commissioners Court Public Meetings",UC-2RxYOS6Y6VkDlp5eM0OLA,Texas,"(31.7582637, -106.4841176)",52,730180,87:23:45.21
Mendocino County Video,UCSYcX7uSxr-GyRh20JtuwFg,California,"(39.2917155, -123.7544678)",74,725234,91:36:6.12
Will County Board,UCfyLcOmTH_aH_aIgCtUgnBg,Illinois,"(41.5300049, -88.08104469999999)",84,717067,86:08:8.64
"City of Hot Springs, Arkansas Government",UCvSlS0dSXw_50XhzT9E_kMA,Arkansas,"(34.5037004, -93.0551795)",173,709121,81:39:29.17
City of Warrenville,UCcO8hN6YoUmWZrDFNASMzAQ,Illinois,"(41.81780699999999, -88.17340209999999)",88,707738,80:45:47.79
City of Belleville Council Meetings & Misc. videos,UCgQcRTdHErSn7yG1AP742Vg,Illinois,"(38.5122211, -89.9843597)",101,707062,83:00:28.73
Webster Massachusetts,UC1GDU6rDxjb7u7c9NnBm8qw,Massachusetts,"(42.05009099999999, -71.88006279999999)",86,702541,100:26:15.53
City of Georgetown,UCZeRkYcroXWINV1rkHVlhzw,Kentucky,"(38.2097967, -84.55883109999999)",66,687612,91:45:47.06
"City of Bristol, VA",UCsXxrQvvnpoAC60lEn67FhQ,Virginia,"(36.595141, -82.1888089)",52,685060,76:02:13.24
"City of Iola, Kansas",UCv4LYM8hh3qeJL32-kR2moA,Kansas,"(37.9244799, -95.3999814)",80,653054,76:15:20.45
Town of Whitestown,UCpbwXmmh-voRDSN3qtn5Hfw,Indiana,"(39.9972626, -86.3458296)",178,649820,79:26:59.42
Marysville City Hall,UCrPPJ9eQiOxWf3ZisFjK3qQ,Kansas,"(39.842909, -96.648336)",36,646376,70:51:13.47
PlattevilleWISC,UC6UORZ8U7NlaS3giNhyuAaA,Wisconsin,"(42.73416, -90.4784621)",88,632901,77:22:36.31
CityofDurhamNC,UCHUDjJ4VIFaf3a9ap9s5qEA,North Carolina,"(35.9940329, -78.898619)",245,616101,74:51:28.0
City of Nogales Arizona,UC2CaTc0tirQupKj3y2zIQSg,Arizona,"(31.3403775, -110.9342532)",82,613205,82:56:18.26
Town of New Milford,UCy-PHUq7KONS5ytwwbiyMdA,Connecticut,"(41.5778088, -73.4101187)",54,607686,74:40:51.34
"Laramie, Wyoming - City Government",UCtoowHqhTpkeVR14Rey_VGQ,Wyoming,"(41.3116389, -105.5918231)",44,601331,69:12:2.14
"Ally Miller, Pima County District 1 Supervisor",UC79IZA1RmoYaLOFWLbqY2fQ,Arizona,"(32.221975, -110.9736346)",285,592423,75:19:27.83
Cityof Wayne,UCwr-VD-I64VKtBOqg6jNXxQ,Michigan,"(42.2814269, -83.3863214)",40,584864,67:20:55.19
BEDFORD TOWNSHIP GOVERNMENT CENTER,UCb8mpGZJzyC5LmYOC2VKSvQ,Michigan,"(41.7630647, -83.5852664)",55,580399,66:12:27.25
West Virginia Judiciary,UC_zHDYG-Whdzh7nQPyfsItg,West Virginia,"(38.3368502, -81.6111525)",76,579516,63:39:40.67
Groton Municipal Television,UCBk-9Ahudi4nbh26x3jZxlA,Connecticut,"(41.3497456, -72.0790717)",120,574055,61:08:47.3
City Of Fort Morgan,UCo7J2v3KqEOx45rG-GxlJOg,Colorado,"(40.2502582, -103.7999509)",49,570497,64:49:30.35
New Jersey Government,UCUsNf-kiBIzayz14C59tKUQ,New Jersey,"(40.218798, -74.764752)",827,555652,65:37:59.74
PittCountyNC,UCNbby4KXClggL9c-kVrpFww,North Carolina,"(35.5589221, -77.4242972)",291,553571,64:00:40.32
James City County,UC1YcYMSX__2VbO2Mi3udVRw,Virginia,"(37.3002132, -76.8028933)",160,551071,65:39:6.26
City of Charlotte,UCr8xW9jfl6OiwjQuRwX4bWQ,North Carolina,"(35.2270869, -80.8431267)",87,550916,51:20:51.4
CityOfBeatriceNE,UCNqBm24raflfC7qGBgqLQbQ,Nebraska,"(40.2659269, -96.7466913)",95,550665,57:17:10.83
"City of Evanston, IL",UChIEhm-DpDtCj0aEKKe_O9A,Illinois,"(42.0450722, -87.68769689999999)",203,548068,64:12:25.58
Town of Coventry Rhode Island,UC-C8lpWeCKplTv8DDVh64aA,Rhode Island,"(41.6885978, -71.5642076)",35,545758,66:22:49.99
Rappahannock News,UCfrlkifp1NKxUnONQi4IFqA,Washington,"(38.7125007, -78.15999029999999)",52,527958,80:39:50.67
WashCo Commissioners,UCTH850WDpvgeJXEI6Bp-nwg,Maryland,"(39.64347710000001, -77.72278229999999)",70,524218,77:18:29.5
TownofCohasset,UCtPH47tVZoFwqFm8nN7JrMw,Maine,"(42.24176749999999, -70.8036544)",53,523101,71:22:46.66
"City Of Mayer, MN",UC76IJmnDuxPuOAjO_qTvuOQ,Minnesota,"(44.8849625, -93.88774529999999)",62,513849,71:39:11.34
Northglenn Colorado,UCqtvPKHWSX-ukNYDjPYH6ug,Colorado,"(39.8961821, -104.9811468)",111,512518,56:44:11.23
City of New Carlisle,UChfm1EBjjw6A2GbexgDZ_ag,Ohio,"(39.9361699, -84.0254913)",79,512493,69:11:54.04
LivoniaTV,UC81D_yBDdwEXucKYYvCnXOQ,Michigan,"(42.36837, -83.35270969999999)",142,509210,60:19:7.66
Coventry Meeting,UCJSTZH1geFoNt2VH2lHEGGg,Rhode Island,"(41.6993579, -71.54891099999999)",120,504921,67:15:43.98
HopeCity NC,UC2NXXKwoDujEJ38TJufBNTg,North Carolina,"(36.0024462, -80.1493969)",143,499776,58:09:35.0
"Caribou, Maine",UCunLIlhYrhdsdvfjRKYCYdQ,Maine,"(46.8639995, -67.9980365)",75,491816,63:30:48.38
cityofsantafe,UCTgU_rclEQSW7XN-sgaCUBA,New Mexico,"(35.6869752, -105.937799)",266,487685,64:45:0.83
Town of Brighton,UCRac-30bEStYoqUvi6HkiWw,New York,"(43.1222716, -77.57340479999999)",42,485993,59:30:36.7
City of Aztec,UCfNiVUYD4XKKwxOhtNvCauA,New Mexico,"(36.8222261, -107.9928455)",67,482425,57:40:3.22
Provo City Council,UC1yR7j8igrjxXOR0XsCasfw,Utah,"(40.233174, -111.664711)",47,477523,56:38:54.0
Marshall County Iowa,UC2SRE_isBm8PyHrZNXf3nsA,Iowa,"(42.0407088, -92.9375739)",80,477102,56:40:17.35
"City of Arlington, TX",UCmEJ9qX33iCpEKauFojkybg,Texas,"(32.735687, -97.10806559999999)",1079,471437,49:23:56.01
City of Stayton,UCVALQZk-x5ZMWOCGh_fKPtg,Oregon,"(44.8006775, -122.7945333)",48,461873,55:06:18.61
"City of Old Town, Maine",UCnnzsRkjzkSJQjzHjys6zGw,Maine,"(44.9342349, -68.6453092)",78,455417,52:15:56.67
Contra Costa Television,UCD1z6XC8_fqZXP3HayI-kQA,California,"(37.9952189, -122.1220089)",60,453592,45:59:2.49
Montgomery County TN Government,UColCy-INQM4uZSqrJCeHTGg,Tennessee,"(36.5268508, -87.35801350000001)",65,449041,55:38:41.12
cityofminneapolis,UC1IHi7mIMbFhZo4j_H6QIsA,Minnesota,"(44.977753, -93.2650108)",51,449014,47:02:26.06
showmecity,UCpaZmht_7_Zvunux1zkDt0w,Missouri,"(39.1117837, -94.56087509999999)",240,447709,52:34:58.73
East Windsor CT,UCgNSFYXWvjpaYULSt-XoZOA,Connecticut,"(41.9161361, -72.5578799)",31,444761,57:18:40.1
City Channel Columbia MO,UCMvapUGDpxyLUUWNO8fxkdA,Missouri,"(38.9517053, -92.3340724)",300,443549,47:27:11.6
"City of Rochester, NY .Mayor's Office",UC6E4c_jmhJPH7kR_GKnbpug,New York,"(43.1569913, -77.6148934)",327,442371,51:59:19.41
Washington City Utah,UCYhIA2-MogiT4VZA4ru7p3Q,Utah,"(37.1305373, -113.5082867)",71,437516,46:34:36.81
"City of Independence, Missouri",UC95egG4Say-HvNrlJT_yCXg,Missouri,"(39.0911161, -94.41550679999999)",112,434613,50:04:5.61
Pittsylvania County Virginia,UCBZbT6gifgJPXGq9Rt7z5lw,Virginia,"(36.7440186, -79.4703885)",60,434142,60:54:49.69
City of Horace,UCHdzO6P-1enZkMG7Z87QdGA,North Dakota,"(46.7588553, -96.9036971)",45,434077,55:14:28.28
"City of Jacksonville, Alabama",UCvjFmKc5lozHgaRQ6wB8D_Q,Alabama,"(33.8137125, -85.76135359999999)",83,432634,62:40:37.13
Town of Waxhaw NC,UCaVNojVBJdyFHzC1zkvhK7w,North Carolina,"(34.9245935, -80.7434019)",87,431600,54:52:34.45
Akron City Council,UCTRzlObsoxdg6IFgWSFCOgA,Ohio,"(41.0806037, -81.518214)",65,430509,56:45:27.72
City of Marion Illinois,UCUKL9LxylG4TP8YgVSaSwjQ,Illinois,"(37.7306054, -88.9331256)",72,430117,57:18:44.85
City of Columbia,UC6-Zkaz4V41CKJRyqTNAzTg,South Carolina,"(34.0007104, -81.0348144)",300,428193,50:20:14.13
eGov PDX,UCcPIUh7CWwtBXisMPHWG65g,Oregon,"(45.5122308, -122.6587185)",24,424573,45:46:6.59
Virginia Government,UCJmtQnnG2MwpHnSMzVj0siQ,Virginia,"(37.5392253, -77.4319501)",127,422756,49:34:45.59
"Story County, Iowa",UCTLajnmHYlpovDrzvgi0hMw,Iowa,"(42.1040438, -93.5003454)",97,420122,73:12:29.68
Louisiana Gov,UCu6XLJo8g_k5IZX6sjpV14A,Louisiana,"(30.4497659, -91.1088991)",146,418533,47:39:27.35
City of Park City,UCKWmOfUwmKPzAyvzvEvhs5A,Kansas,"(37.8000123, -97.31837619999999)",45,418142,47:17:9.97
warren-ma.info,UCSemWSWv9vohWfvvyHaYAlA,Massachusetts,warren-ma.info,60,416651,45:57:52.18
Town of Rising Sun,UCVhXWOvvPRbCJ24IyH2tZyg,Maryland,"(39.6978871, -76.06272659999999)",76,416255,49:18:3.37
Falls Township PA,UCXkR2V1sBOCmVB3S5aHEjTA,Delaware,"(40.1740577, -74.8530595)",46,414368,45:37:9.46
City of Republic,UCmvA973eokxbVlHVODl-1_A,Missouri,"(37.1200526, -93.4801942)",65,413258,48:12:31.04
Delaware County Government,UCGw1znI7YHoxXgqqMJZnZwQ,Indiana,"(40.1942895, -85.3873354)",84,411872,54:50:8.57
"City of Brooklyn, Ohio",UCRRKkTWR8peOgYgo4JvhxWA,Ohio,"(41.4301349, -81.7512107)",56,401440,44:00:55.8
HardinCountyIA,UCldvOvGdfCT76xAGFpJ5u7Q,Iowa,"(42.4285425, -93.17796589999999)",117,401232,56:22:43.57
City of Madison Wisconsin,UC3IAPMgYfaBEJ5eeqbvWkzQ,Wisconsin,"(43.0730517, -89.4012302)",118,396484,47:55:21.01
cityofhayward,UC-t5eCY7p3nbBalxbMP9vFQ,California,"(37.6708446, -122.0857338)",80,394984,42:55:46.81
"City of Cloverdale, Cloverdale, CA",UCDSDDT0okjoOrRhJaetPRbQ,California,"(38.8054624, -123.0172227)",27,385578,42:57:23.75
The Municipal Art Society of New York,UC85K3UNE3_ZnDaDJUOWwedw,New York,"(40.7589167, -73.9752018)",135,385487,41:03:40.61
Saint Francis MN,UCC44uGV-mS_2SCvUhBy_scA,Minnesota,"(45.3974847, -93.38792199999999)",58,383199,48:23:5.05
"City of Shenandoah, Texas",UC5-9qrdkO9wip4I0vyCXq9g,Texas,"(30.1802151, -95.45577259999999)",29,373362,45:05:26.59
City of Cordova Alaska,UC5pGOg0PI8_MuUIJScsw6Gw,Alaska,"(60.5424087, -145.7525414)",27,367791,48:25:9.94
Essex County New York,UCUTiUCto7MsxIbqK5M1rMrA,New Jersey,"(40.8398218, -74.2765366)",107,365240,54:14:53.63
"City of Anderson, Indiana",UCMDJQTb1x8xHky-Jxmu8PIA,Indiana,"(40.1053196, -85.6802541)",153,361160,39:49:25.11
Governor Asa Hutchinson,UCLJcNdgp2PMEmiqJEoYzqwQ,Arkansas,"(34.7469468, -92.2889342)",198,359920,43:08:30.13
Amherst Council Clerk,UCVbdl2V5DTld5jQ-TSnz5cw,Ohio,"(41.39825099999999, -82.227454)",91,355034,45:58:8.99
City of Aberdeen,UC2WDoaiGN9nFc1Zb4pyfpyw,South Dakota,"(45.4646985, -98.4864829)",70,350540,39:45:18.69
City Of Cortez Council Meetings,UCuJXUzV7IZDST9p2BLMGA7g,Colorado,"(37.3503413, -108.5695371)",44,345298,42:55:47.98
City of Oroville,UCAoRW34swYl85UBfYqT7IbQ,California,"(39.5137752, -121.556359)",37,345142,50:06:37.47
"Winnebago County, Iowa",UCRYede2wUgnmNZpYlSRCDDg,Iowa,"(43.3481922, -93.66232389999999)",43,341808,57:40:55.74
McDowell County Government - North Carolina,UC0mTfn8VlbzCAPoS4ypHSbQ,North Carolina,"(35.6839474, -82.0082269)",32,339813,38:30:28.72
Columbus Municipal School District - MS,UC5aQEWlv0bv0RfURb9dIEeA,Mississippi,"(33.5403856, -88.4210006)",38,335470,37:55:53.67
City of Maricopa,UCcGYzD73sGc7P9gH6kZJC3A,Arizona,"(33.0581063, -112.0476423)",115,331866,35:43:14.83
"Cedar City, Utah - City Council",UCvv1r4z0JQJjAIgeLmMGmbA,Utah,"(37.6777847, -113.0610041)",34,331230,37:22:45.2
"NEK-TV Newport, VT",UCKV7WVHOpRCBCwKh6P_O7iw,Vermont,"(44.943332, -72.192562)",32,328207,39:57:43.96
CityofAikenSC,UCHtMErIZ0_lu5v3kJAzPitg,South Carolina,"(33.5604168, -81.7195533)",54,326348,41:23:28.44
Town of Wiggins,UCLfzJYfsilF0D3dQGKMpGbw,Colorado,"(40.2305363, -104.0727278)",20,322000,38:43:50.98
City of Charleston SC,UCxDws_o-1voXBNOAZ17gZxw,South Carolina,"(32.7764749, -79.93105120000001)",32,321594,36:57:37.36
"Erie County, Pennsylvania - Government",UCDEhxGyYjgZkYrLb-NGeq2g,Pennsylvania,"(42.1291683, -80.0879985)",72,318927,39:26:56.66
CityOfNormanOK,UCRUefgW2qlHl6uJwIS7KQXQ,Oklahoma,"(35.2225668, -97.4394777)",71,313074,34:34:40.86
City of Livingston CA,UCB_ZmQZIHELh-ECEPZ2VwZg,California,"(37.3868826, -120.7235329)",24,310726,41:47:33.95
Town of Emmitsburg,UC17xHnkC_VLkirblkEBdIDQ,Maryland,"(39.7045417, -77.32693069999999)",54,310096,34:37:45.09
FaithCity MD,UC3cUrijYglWHJ81RrZ_jNUw,Maryland,"(38.8354067, -76.8628623)",30,306038,34:34:54.35
"City of Greenville, NC",UC3Ud91UVasbpi8wPVDlcCRA,North Carolina,"(35.612661, -77.3663538)",378,304219,29:03:20.37
Council Meetings - City of Rochester Hills,UCRzGsdrhFdimra0g1Gw4HqA,Michigan,"(42.6833372, -83.1372157)",17,298263,31:35:8.68
"City of Liberty Lake, WA",UCP0FovX6g8NG4J5wKDLt62A,Washington,"(47.6743428, -117.1124241)",26,281932,43:23:42.64
FridleyMunicipalTV,UCgguNa9ShDCIeSXqFZbzphg,Minnesota,"(45.084944, -93.26286089999999)",82,280383,28:58:49.74
KingCountyTV,UCmsDL2CRIMtE1I6-eZqEx4g,Washington,"(47.5480339, -121.9836029)",73,276520,30:27:32.05
Newburgh Maine,UCiANGUnQ2sSa7SaV_sSW2Aw,Maine,"(44.71736749999999, -69.0003898)",41,276102,38:11:22.79
Surprise TV,UChvREiqh2Lc3HoTGqcPb3vg,Arizona,"(33.6297375, -112.3654922)",189,274457,29:06:29.04
The City of Frederick,UCTig2g9-KiZFgNg8kYxeKXA,Maryland,"(39.41426879999999, -77.4105409)",155,267098,30:45:9.85
Putnam County TN Government,UC2D4OD-kL2jUOtpY0KHktFA,Tennessee,"(36.1494165, -85.5229902)",56,259858,35:02:11.24
Vidalia Louisiana,UCa6cbVaGERmEA6WGt33z-dg,Louisiana,"(31.5654441, -91.4259495)",79,259534,36:17:34.65
Port Orange Government Television,UCTYNmc7tZVRrB2NH5-Oj7hg,Florida,"(29.1265036, -81.0207434)",34,259387,29:58:55.62
"Town of Chester, NY",UCcfUBNLL64j3sKxfuxTtcog,New York,"(41.3625937, -74.27126129999999)",32,255198,32:27:50.39
Franklin Tennessee,UCaDJdA9NLVQOuXVbx1JV0cw,Tennessee,"(35.9250637, -86.8688899)",35,255035,31:44:7.28
TarrantCountyTX,UCreZ2-bXXetuRiKZAtXcNNA,Texas,"(32.7732044, -97.35165579999999)",38,254963,29:39:31.34
"City of Whitehall, Ohio",UCvjez8n5YvwKfEZ-2RX9fkg,Ohio,"(39.9667308, -82.8854559)",52,254594,40:34:0.33
MtPleasantMI,UCbfjqB0HPkc6KHaQa4_zVgg,Michigan,"(43.59780749999999, -84.7675139)",50,253593,27:52:42.28
"City of Little Falls, MN",UCDJcQU_2dOXIixQEJzQ7_aQ,Minnesota,"(45.9805556, -94.36944439999999)",38,252165,28:02:32.81
Bay Saint Louis City Council,UCfZVth2EfSBM4lVvXg_H-kw,Mississippi,"(30.316913, -89.345498)",25,252062,34:49:27.99
"Exeter, Rhode Island",UC_0OoUlSPYRpwmRMpQ8-sCw,Rhode Island,"(41.5750676, -71.5351476)",19,246655,37:30:48.83
City of Lakewood,UC6kjNiFzrc9PwiTF_zTTaRQ,Washington,"(47.1717649, -122.518458)",16,245433,33:14:39.86
City of Mesa,UCxhnbjW5_gD9I4gk_5t6-Aw,Arizona,"(33.4151843, -111.8314724)",193,244877,23:47:13.15
City of West Melbourne,UC0rw9-ZqduSTcs6uBNU7_ag,Florida,"(28.0716832, -80.65338779999999)",17,243141,26:01:46.76
City Of Durant Council Chambers,UCQO-_Crp48w7jN-mZ0oGGVQ,Colorado,"(33.992638, -96.37766300000001)",20,242195,32:29:52.5
"City of Edwardsville, KS - Government",UC2M-zO1Jcwm4YOjbxFhdNAA,Kansas,"(39.0562158, -94.82191519999999)",32,242186,32:51:13.62
City of Woodbury MN,UCDsJCsK3YLLVgRbg34kABMA,Minnesota,"(44.9238552, -92.9593797)",313,241660,24:03:29.53
"City of Brighton, CO (KBRI-8)",UC7fxHV_KyittFb3M9jDbBGA,Colorado,"(39.9852617, -104.8205283)",86,240920,27:19:34.85
The Town of Lexington,UCsor0AoZVy2UvAW52JOlbxA,South Carolina,"(33.9815369, -81.2362107)",52,235693,27:28:27.67
City of Grand Marais,UC8OF_XBXW9WJuCZEIzxSlIQ,Minnesota,"(47.7504469, -90.3342727)",18,234495,25:27:11.34
"City of Bonner Springs, Kansas",UCyUl-B3mt386DdFgJqYfFyg,Kansas,"(39.059726, -94.8835754)",35,223988,29:52:47.69
"City of Newark, Delaware",UCkUa0_pCSXUlTQaeXLd73eA,Delaware,"(39.6837226, -75.74965720000002)",103,220635,22:42:36.21
"City of Las Vegas, New Mexico",UCNGDVGRRAL0qVevel5JYeRw,New Mexico,"(35.5942137, -105.2227978)",27,219943,29:06:1.38
City of Freeport ILL,UCPtSul497oxrsjhrn_qhiMw,Illinois,"(42.2966861, -89.6212271)",26,215039,25:03:1.78
City of Haysville Kansas,UC3XUt81Il2JWijJiV6yqnNw,Kansas,"(37.5644615, -97.3522675)",59,214639,27:01:29.01
"City of Cocoa, Florida",UCbWJK7XQyPVBmp15Fwoa4jA,Florida,"(28.3861159, -80.7419984)",49,209097,30:02:59.87
Helena Civic Television,UC9AloSLo5HpsRCpfnFo7fcQ,Montana,"(46.5891452, -112.0391057)",56,200768,24:37:47.98
Clean Water Initiative,UCcE3IVErioHtVMqAeBLVDZQ,Vermont,"(44.5588028, -72.57784149999999)",32,200519,22:22:11.03
eXplore Xenia,UCUFFzFWxDl_DMOe9J7QzmgA,Ohio,"(39.686438, -83.929177)",37,199262,21:51:39.8
"City of Franklin, VA",UCMmXa_L4o0ZgMpRDCZs1syA,Virginia,"(36.6776507, -76.9224608)",17,198780,24:47:36.03
"City of Crescent City, California",UCc8LIkDxscuciAFNB9yEEMA,California,"(41.7557501, -124.2025913)",25,197156,21:50:2.43
Town of Rome Wisconsin,UC4c0rhMyFqU3QhLrIvqmyBA,Wisconsin,"(44.1988545, -89.820273)",18,194142,21:51:22.59
City of Sherwood Arkansas,UCF1JLn4XfEMB_403o-gj7PQ,Arkansas,"(34.8150907, -92.2243153)",40,193454,26:56:54.73
Texas Counties,UCypcad6NCCz1KNAkygXmNzA,Texas,Texas Counties,150,190963,19:26:1.13
FultonGovernmentTV,UCYH7E0jH6HxE-3KTRluH8SQ,Georgia,"(33.751422, -84.39144329999999)",66,190452,21:25:2.27
"City of Midland, Michigan",UCjShycow9Ksl3jU9N8lVfPQ,Michigan,"(43.6155825, -84.2472116)",324,189793,21:36:33.64
"Daniel, Utah Town Meetings",UCNl9vzo3Afm_qhRoXdDrqPg,Utah,"(40.4720026, -111.4314629)",34,181227,24:20:30.0
Westmoreland City Council Meetings,UCgjmBbalmzDjqkZdJbS0AgQ,Tennessee,"(36.561532, -86.24781000000002)",32,179083,25:03:44.48
"City of Calhoun, GA",UCFPzDB48ZQ6IAF_z0NQBPKQ,Georgia,"(34.502587, -84.9510542)",27,178795,23:06:35.1
TOMP Council Meetings,UCNhfTlBOB2AbKtELKzY7_yQ,South Carolina,"(34.7589326, -83.0731265)",13,173836,24:38:17.84
Sunbury Videos,UCP6obhaxx_cy4JKoPwFLQ5g,Pennsylvania,"(40.8618561, -76.7779541)",50,172840,20:43:30.47
CityOfThousandOaks,UCsSwux-Xmetz846gSsmptDw,California,"(34.1705609, -118.8375937)",89,168839,18:30:26.45
mohavecountyus,UCxpmqlXxz7UYF9ol80H7dEQ,Arizona,"(35.2143346, -113.7632828)",17,168670,20:10:49.15
City of Mission Tx,UCha07JnlG0muI97kb9u0Iig,Texas,"(26.2159066, -98.32529319999999)",95,167161,19:52:34.58
"Ada County, Idaho",UCmREyet73vxhBFCffWClEKA,Idaho,"(43.478767, -116.2420304)",19,162187,19:29:51.15
Town of Orangetown,UCiO7szhtu7X___gRqoFkuOg,New York,"(41.0555461, -73.94773839999999)",24,162008,19:59:12.61
"City of Centerville, Ohio",UCXLOLKzXqOtD9BSlPGrDBHQ,Ohio,"(39.6283928, -84.15938179999999)",68,157863,17:14:31.1
City of San Antonio,UCc1cljyxKwZYVnDapMi26eQ,Texas,"(29.4241219, -98.49362819999999)",209,157428,17:41:26.39
CSBTV20,UC0MKBRS7teISJ5iGufoc_Iw,California,"(36.778261, -119.4179324)",7,154618,17:21:40.07
Millville Cable Access,UCUmDFf-Vh4YhDiMqAnaMsug,Massachusetts,"(42.0278756, -71.5808973)",13,154431,18:47:14.28
"City of Florence, Kentucky",UCKAoTbCHbQPSIf80S5wYhlA,Kentucky,"(38.9989499, -84.62661109999999)",32,153444,17:36:14.25
SCCGov Chambers,UCF4DoI6Shq5PtVGaQRrAerw,California,"(37.3336581, -121.8907041)",11,152787,18:03:50.7
Pembroke Pines Media,UC5C4-X_lLc_8dZ3pJzYRkZA,Florida,"(26.0274521, -80.34878549999999)",93,152298,18:16:39.44
CityofGulfport FL,UCMcHz3QnFbjgo_QVvyJYDMQ,Florida,"(27.7483613, -82.7034334)",114,148011,18:54:25.44
"City of Cortland, Ohio",UC4Mu0kFfL3Cei3ZOZc5Zyeg,Ohio,"(41.3303342, -80.7253575)",45,143532,19:30:55.24
"City of Arkansas City, Kansas",UCvQiHdrfXJc-sH4GxsFdx_A,Arkansas,"(37.0619736, -97.0383712)",65,142952,27:38:50.59
Minneapolis KS City Council,UCA6z63vmfvbdwJ2AYtXy05Q,Kansas,"(39.1231551, -97.7056365)",30,136154,28:44:16.8
"Boone County, IL Government",UCHPpw58YhZQALqaKm1inNpA,Illinois,"(42.2539351, -88.82470459999999)",11,134912,17:41:40.33
Piedmont West Virginia Info Network,UCAzc8Mv9NyzjOG2xD1KZFEg,West Virginia,"(39.48243790000001, -79.0482272)",36,133235,22:55:21.72
Westville Indiana,UCLcCLBCsqiXSuVu_jJfGKaw,Indiana,"(41.54142969999999, -86.9005825)",24,132433,17:36:7.47
"City of Dearborn Heights, MI",UCRdsv07DxBTF5ZWgiqXPcKw,Michigan,"(42.3369816, -83.27326269999999)",17,131636,14:38:33.34
City of Broken Arrow,UCAOrvaXvUHojbjsEn72Y-Dw,Oklahoma,"(36.060949, -95.7974526)",57,130978,14:43:47.57
Official City of Stonecrest Georgia,UCp3rYzHzhZvd9Y7Ruf1O6kg,Georgia,"(33.6904766, -84.0838805)",11,127227,15:28:0.42
City of Marion Ohio,UCyKE64OZ0-ACD-5N6oaC-Yw,Ohio,"(40.5886699, -83.1285242)",22,126729,15:15:27.46
"City of Dover, Delaware",UCE48l9y073rRIXVx9EbLCpA,Delaware,"(39.158168, -75.5243682)",23,125608,15:59:43.85
Suffolk County Government,UCBY8LgV6_y7QUn0c4lgxurw,New York,"(40.9132922, -72.6684075)",43,119205,12:27:37.04
City of El Paso Texas,UCwYdX-cXdg609Ppl8Bjq07g,Texas,"(31.7618778, -106.4850217)",29,117329,15:02:44.9
"City of Kalispell, Montana",UCED-PH7x6SQAWtMpdpp9XVg,Montana,"(48.1919889, -114.316813)",21,114896,11:55:56.89
thesalinaschannel,UCDRw9cCwSZoMesM7wg9IMgw,California,"(36.778261, -119.4179324)",27,114074,11:57:41.74
City of Whittier - Council,UCR695k5WfvSv0tc64m1qcqA,Alaska,"(60.77433059999999, -148.6851493)",10,108821,16:46:8.79
Municipal Employees' Retirement System of Michigan,UCnyUp57EJdcQNfbrD9lm77w,Michigan,"(42.721095, -84.648632)",26,108518,11:58:57.6
Iowa Counties,UCLHmerxoha95Oif5ubraYwA,Iowa,"(41.6624604, -92.0665197)",20,106890,12:13:41.32
Greenville Wisconsin,UCJdbHHH0GVrnrLQ2P5rsy9Q,Wisconsin,"(44.3002628, -88.53649539999999)",59,106721,18:34:56.64
City of Newark NJ,UCNiGYwneyNvfAIAcl6eOqmw,New Jersey,"(40.735657, -74.1723667)",81,103649,11:31:59.62
montgomerycountymd,UC5NXwF1EDfbecNogLVlrALw,Maryland,"(39.1547426, -77.2405153)",62,102134,15:36:39.93
Sun City AZ,UCdLy0Uy9sKWCJNLz37tn5ug,Arizona,"(33.5975393, -112.2718239)",17,100453,12:01:31.07
City of Crestview,UC6c0B22M2HhR57yJT3OPGyw,Florida,"(30.7541808, -86.5727995)",19,99242,15:33:33.01
FrederickCountyMD,UCxww6nBEuO-ZiYZRN65rsBw,Maryland,"(39.3844507, -77.4701972)",32,96382,11:58:45.68
Elim Union City NJ,UCMI5AfbUwdYQ0BaSw7kLC6A,New Jersey,"(40.7690496, -74.0286826)",12,94767,24:40:2.64
"City of Middletown, Ohio",UCh-fZasNyuDxLyVxjmcaCIw,Ohio,"(39.5150576, -84.39827629999999)",13,93426,09:52:6.93
Town of Lebanon,UCZV2ij7vU73Dh8C1JAI3QWQ,Maine,"(43.40066969999999, -70.91937899999999)",11,91353,14:32:53.45
City of Irondale Alabama Media Channel,UCGKMIsxUusCwlTEQpaKBs1Q,Alabama,"(33.5381601, -86.70721019999999)",29,90797,15:15:27.65
Davie County Government North Carolina,UCAiN6jkUKjTwR9skwbCiX7g,North Carolina,"(35.8936073, -80.5622214)",23,88967,11:39:0.66
Long Branch,UCazWLOC-aO4snD-76P7IhbA,New Jersey,"(40.30427780000001, -73.9923596)",14,85604,10:13:3.8
"City of Austin, Minnesota",UCz8RVD73YkHomdRrT_5LBwQ,Minnesota,"(43.6666296, -92.97463669999999)",99,82928,09:08:27.84
San Diego County Water Authority,UCbcVbucoGZmmZSHLKIHe8rg,California,"(32.8255245, -117.1312866)",133,82767,08:54:29.42
City of Elk River,UCdrWdP44oLkWv-hc0SIWF6g,Minnesota,"(45.33772829999999, -93.56911219999999)",149,82116,08:44:1.11
"City of Victoria, MN",UCx9xeLv6v0F0bMzK1BxMEzQ,Minnesota,"(44.8587227, -93.6615338)",12,81862,09:14:54.33
"City of Jackson, MS - Government",UCqo3szaVkdRjZ1cw1kKZktg,Mississippi,"(32.2981176, -90.1819512)",32,78288,09:47:59.07
"Wilson County, TN - Government",UCJ0nj4kiFHnfPUlW4uySzww,Tennessee,"(36.2131167, -86.28905320000001)",41,77071,10:28:30.52
"City of Ferrysburg, MI",UCMqr_ibvxyZlVajOzl-Tr3g,Michigan,"(43.08446199999999, -86.2203313)",10,75616,10:12:53.27
"City of Auburn, Maine",UCn4hg3vz0ftbcLee4mz-1Dw,Maine,"(44.0978509, -70.2311655)",9,71528,07:52:20.32
CITY OF HOLLYWOOD PARK,UCZnWXeNy5xRZUYFGT86lPMA,Texas,"(29.6005047, -98.48724)",11,71012,12:43:33.58
Augusta Georgia,UCj33t_Opz-YZ7auj6-RIs_A,Georgia,"(33.4734978, -82.0105148)",59,70056,07:51:15.44
Texas Municipal League Intergovernmental Risk Pool,UCCk9C8LXg9ncBGrFlog24Lg,Texas,"(30.3316115, -97.6812044)",21,69460,06:34:49.45
Salt Lake City Television,UCUzanlS6hJadbrMqnO_iofQ,Utah,"(40.7634412, -111.8905986)",39,69185,07:41:59.64
City of Rochester Building Safety,UCecGEc0sA9c2rr36BETWxiQ,Minnesota,"(44.0242437, -92.43130289999999)",7,65270,06:59:53.42
syracuse.com,UChbYn187BlBxq5LfGqZSv_A,New York,"(43.0481221, -76.14742439999999)",142,64180,06:35:16.81
City of Sunnyside Washington,UC7fq6y2MjcYTA-GBSTnXiuA,Washington,"(46.3237423, -120.0086538)",23,63748,21:32:23.29
WestminsterCO,UCJeyak1VUsnc1rPehZPNswg,Colorado,"(39.8366528, -105.0372046)",85,62236,07:18:43.13
"City of Fremont, CA",UCLm12bAo9z_1ob9UG69ZGKQ,California,"(37.5482697, -121.9885719)",48,62140,06:58:24.39
City of Maplewood MN,UCFoyXqYAzbo9ieihH-08zAA,Minnesota,"(44.9530215, -92.9952153)",65,60479,06:04:56.5
Logan County Oklahoma Local Government,UCHO_-sm2MrhIrt8AivUhMvA,Oklahoma,"(35.8780672, -97.4275742)",19,59042,09:29:54.07
PasadenaChannel,UC514B1OlciNW3q7lZU94PiA,Texas,"(29.69137, -95.1843055)",78,57968,06:35:15.99
"LBTV Long Beach, CA",UC9tkCWoykFdl-Z-JHSA3ATw,California,"(33.7700504, -118.1937395)",39,55900,05:37:5.17
ErieCountyNY,UC-bqfNQx5a6oFLVOX8kGeiw,New York,"(42.9023958, -78.8661589)",49,55447,05:45:41.65
Greenwood Indiana,UC60y34F88H1zvYh0sg3AdTg,Indiana,"(39.6136578, -86.10665259999999)",24,55243,10:51:12.41
Monroe North Carolina Government,UCzrGKOKR72fmCEn7D0f9mlg,North Carolina,"(35.0110269, -80.5447384)",15,54953,06:30:37.38
Indiana Counties,UChhq084D5FyZpN1i2MRccDA,Indiana,Indiana Counties,22,53577,05:48:49.49
Hennepin County MN,UCJDcgrMl0B2Og4ZdeOOrnFA,Minnesota,"(45.0208911, -93.5094574)",61,52315,05:39:36.62
austintexasgov,UCa6J9IdgL8Lir6YIQNsbkgQ,Texas,"(30.2671108, -97.7352672)",55,49955,05:11:24.33
Town of Vernon,UCYtqAAiyly9HwdaX6MHmDTg,Connecticut,"(41.8186802, -72.47903699999999)",5,49943,06:06:28.24
CityofVacaville,UCLC4Gd7Z4rwlWOciZVhlJJw,California,"(38.3565773, -121.9877444)",22,48852,04:38:18.25
"City of Albany, Oregon",UCbJgGQBiWbOMvpHnGbMLa8w,Oregon,"(44.6365107, -123.1059282)",22,47327,05:56:54.48
"Campbell County, Wyoming (Government)",UCl2KcXV1L_HJZlcZyxhapWw,Wyoming,"(44.3956107, -105.4489183)",12,45912,04:46:31.25
Prevention Institute,UCVpEtO68Hz0k2vuHWQMJFQQ,Connecticut,"(41.335094, -73.089766)",46,45101,05:12:12.08
Sacramento County District Attorney's Office,UCi0AEGcHEB460WW_VC1g6NA,California,"(38.5841801, -121.4930305)",80,44309,04:59:23.74
City of Albion,UCIsBR9GwwVJIL2wyGJCiXfg,Michigan,"(42.243097, -84.7530304)",7,42680,05:15:19.6
"DuPage County, Illinois",UC45ol-gzYfebGvZ3OLhzClA,Illinois,"(41.8243831, -88.0900762)",32,42319,04:56:24.67
FultonCountyGovernment,UCBdfjTes0C4KkKzXyKiK9zw,Georgia,"(33.7513931, -84.3913883)",170,41649,04:40:7.22
Hillsborough County,UC-ltrT7T2PDRdEEoU5NtOEg,Florida,"(27.9903597, -82.3017728)",76,41437,04:27:46.32
The Rappahannock Record,UCLvUPpawpHiVisnCS6XAkqA,Virginia,"(37.7114492, -76.3808789)",11,41305,07:24:2.14
"Haltom City, Texas",UCTQ7EcoJXKB8n0Bv6tItjXQ,Texas,"(32.7995738, -97.26918169999999)",2,40602,04:55:51.03
City of River Falls,UCoLgQPc-xuxbXrce-2ume-w,Wisconsin,"(44.8613563, -92.6238082)",14,39423,04:03:23.28
Kentucky League of Cities,UCr7WAKemYwT87iELNQfcybQ,Kentucky,"(38.045112, -84.49808999999999)",28,38741,04:13:7.52
Mississippi Department of Transportation,UCAZJpbHAIyVea2lY2sJBvZQ,Mississippi,"(32.3275393, -90.181474)",133,37152,04:17:20.11
Citizens4Integrity,UCsao3TFcldlkoBifyeanZ5g,South Dakota,"(43.9695148, -99.9018131)",12,36015,04:03:4.2
City of Boston,UCqdM7PpJ84RvkqM87OzMAzw,Indiana,"(39.74116009999999, -84.8519034)",41,32774,03:38:59.81
Town of Apple Valley Utah,UCxfcnSqTRCiZPLqABwMXslQ,Utah,"(37.10441550000001, -113.1251775)",3,32515,04:13:18.58
Washington State Auditor’s Office,UCoqV43R7JgM1q7WWi26Sorw,Washington,"(47.0358904, -122.9033286)",50,31716,03:40:53.72
Central County Water Control District,UCPO42Ece_pmdcQnrtDze-VA,Florida,"(26.6227859, -81.0785101)",5,31467,06:08:35.54
"Hoover, Alabama",UCEtvZ4p5toQc9p3XH2OTm9g,Alabama,"(33.4053867, -86.8113781)",64,30651,04:56:26.89
City of Newport RI,UCQEXfLzrNpxe7AZme3dTP0w,Rhode Island,"(41.4901024, -71.3128285)",6,30641,03:45:29.7
"SEMCOG, the Southeast Michigan Council of Governments",UCr0wxe2H-pgsBP8ag_HPNHQ,Michigan,"(42.332029, -83.0476)",46,30200,03:22:36.02
City of Oxnard Government - Official,UCyYBxLRP6z33lKEkyxreAUA,California,"(34.2000543, -119.1802258)",20,30081,02:57:54.84
Montana YMCA Youth and Government,UCTcNqEsmDnz8dAb1DUv40eg,Montana,"(46.5995748, -112.0316756)",8,30064,04:23:9.89
"City of Rio Rancho, NM Municipal Government",UCQbt-un8dQITuiIRLcbtq8Q,New Mexico,"(35.3109281, -106.6850204)",20,29914,03:05:33.22
"City of Monroe, Michigan",UCiO2fcMaMm-faFWMWNTcFIw,Michigan,"(41.9164343, -83.3977101)",7,29754,03:05:26.37
Wake County,UCJWIhzcE0ZVmh3kcZSj7gDA,North Carolina,"(35.8031909, -78.5660852)",22,29716,03:35:51.29
Falmouth Maine,UCHeGX1GVbkUOB-KSASNDvQw,Maine,"(43.7435343, -70.2601759)",26,29594,03:19:50.71
GOCC WISCONSIN,UCltp6NRcZoNXtHllH8VOMYQ,Wisconsin,"(43.7844397, -88.7878678)",6,29590,02:59:43.28
City of Kingman,UCCefFg5UL6weXKr-wenyHVQ,Arizona,"(35.189443, -114.0530065)",10,29364,03:19:27.21
City of Irvine,UClqzzO7LI1d8KB20gwDnd0g,California,"(33.6845673, -117.8265049)",45,28702,03:04:55.34
LWVSJC,UC0xqyjb977v3IXocgTSD2_g,California,"(33.510788, -117.641013)",5,28383,02:48:40.62
County of San Mateo,UC2bWDXcW6FfdxVyR-V34oag,California,"(37.4337342, -122.4014193)",21,27898,03:07:51.8
City of Mt. Pulaski,UCUGntHxJMcrkLQTsfMI0eaw,Illinois,"(40.0108767, -89.282314)",8,27767,04:19:40.64
Orange County North Carolina Video,UCWv68m-BGtw4OBxzOMB8fnQ,North Carolina,"(36.0741901, -79.0808665)",38,27747,02:59:54.63
City of Las Vegas Government,UCH9xyXcOBq9hEEkkx9iaojw,Nevada,"(36.1674222, -115.1487183)",17,25614,02:49:23.51
Town of Hope Indiana,UCP0V3YxQavE_NWKSYNw-7EQ,Indiana,"(39.3039397, -85.77137220000002)",7,25585,05:51:16.15
upwhawaii,UCC-QUQuhKO5wqg-ROI23H5A,Hawaii,"(19.8967662, -155.5827818)",51,25325,03:37:57.1
Bernalillo County,UCAKt5BZwiEUsv7sfIuPVDFQ,New Mexico,"(35.0177854, -106.6291304)",7,24526,02:46:55.37
Cycle City Hawaii,UC6zCHHNhSiPgBVWlbdqrBZQ,Hawaii,"(21.3358648, -157.9018814)",76,23642,02:26:25.59
IndianaGovernment,UCozYWNqZFDoraG0emqv5pxg,Indiana,"(39.76906899999999, -86.164862)",8,23590,02:53:52.79
"City of La Marque, Texas",UCxVsgw5xtGI61mjpnZIsq_A,Texas,"(29.3685674, -94.9713134)",7,23482,03:21:46.75
VT Environmental Assistance Office,UCS2vjqFSHAqKkHvRSk0Fy1w,Vermont,"(44.2560755, -72.5845027)",7,23316,02:36:46.85
Vermillion City Council,UCuzkuhioz6Qycw2w7LVP6Bg,South Dakota,"(42.7801475, -96.9313383)",3,23019,02:39:6.44
BeatriceNE,UCU5o7cx5DzXuWYZhcetoZAg,Nebraska,"(40.2659269, -96.7466913)",5,22487,02:19:2.6
SB County Community Development & Housing Agency,UCObCQpOZy4Z6zfG0pyKxPYQ,California,"(34.9592083, -116.419389)",3,22305,02:18:20.8
Jersey City TV,UCdLHkxEC-vqQLcJ9URFSjxw,New Jersey,"(40.70164740000001, -74.0954634)",2,22187,02:58:42.01
MAofSC,UCy9fEYosYMZ8hHNjC5Ckcgw,South Carolina,"(33.836081, -81.1637245)",75,21952,02:33:21.28
Town of Stafford Connecticut Government,UClrauDkq299UCkPjf4VTGrw,Connecticut,"(41.9536685, -72.303231)",4,21698,02:21:46.75
Connecticut Conference of Municipalities,UCjkAzQTiyYHKbBul87L2ygg,Connecticut,"(41.3061448, -72.9267022)",49,21474,02:56:32.47
Pennsylvania Youth and Government,UCcBuZVx4F52Dm_i2btUngFA,Pennsylvania,"(41.0268556, -75.7135563)",34,21396,02:30:44.53
"Marin County, California - Topic",UC7bWBURktSO66zx5c2_iKww,California,"(38.083403, -122.7633036)",31,21082,02:29:37.76
City of Texas City,UCdQS7VQBfII7oORQr99sh9g,Texas,"(29.383845, -94.9027002)",25,20535,02:13:12.75
Sullivan County NY Government,UC-6KnDAiuQEnDNWO13Ev1sw,New York,"(41.6584571, -74.6917748)",30,20376,02:20:20.61
Spring Hill,UCQEXn0j-fLqffqG4s6QBFfQ,Tennessee,"(35.751179, -86.9300023)",15,19896,02:22:40.08
"Dermott, AR - City Council Meetings",UCvnMypyvB77uiB3lQOM31WQ,Arkansas,"(33.527622, -91.43401899999999)",7,19892,04:54:9.28
City of Lennox South Dakota,UCv3rb5ZDuUF4uFk6yzeJEmQ,South Dakota,"(43.3541476, -96.8919951)",12,19296,05:14:9.24
"City of Colonial Heights, Virginia",UC1tsRrPU64271-CaggUfUmA,Virginia,"(37.244039, -77.4102607)",9,19080,02:15:32.26
Morris Minnesota City Government,UCBEIGAZ0NE9wZwzveonGqgA,Minnesota,"(45.5879479, -95.91012409999999)",4,19065,02:45:28.01
Arizona City Council Managers,UCfETHSDPPzHUpTnt1v4ETSw,Arizona,"(33.5305827, -111.9427231)",1,19040,02:32:29.47
Lee County FL,UCSnQCEJdfUrobF9dxUltyyA,Florida,"(26.6630286, -81.9534815)",44,18870,02:00:58.45
"City of Lewiston, ME",UCprFi23oI7DclYQ8kxx_mmQ,Maine,"(44.100351, -70.21477639999999)",14,17756,02:22:0.8
Catoosa County Government,UC64XOfN6J-FoYWa8r3nsXzg,Georgia,"(34.9143911, -85.1120737)",15,16846,07:03:58.5
ClerkPBC,UCNvqLXX6GTxXT7Oh2ugk2Zw,Florida,"(26.7152573, -80.0539668)",5,16673,02:46:16.71
CO Pearland,UCRAyWlB2d1XLCJ8SHH8xyxQ,Texas,"(29.5602328, -95.25944369999999)",55,16288,01:46:39.15
News Now Colorado,UCmQIlF7oc5d4MFoqCLYWxrA,Colorado,"(38.8324088, -104.8151814)",17,15845,02:14:40.67
JolietChamber,UCrw4xfNf3J6cLHhBT9MZONw,Illinois,"(41.525363, -88.08194300000001)",14,15801,02:11:59.18
KaysvilleCity,UCtH-iKmjfeXat6K2wOetoZQ,Utah,"(41.0352216, -111.9385521)",14,15459,02:02:30.03
"CDL Boulder City, NV",UCafmz4bssPAHklFxg7bYnGg,Nevada,"(35.976325, -114.849629)",4,15281,01:57:31.58
City of Greeley Government,UCegM3TAyGPayKBUHIeQCv6w,Colorado,"(40.4261819, -104.6949673)",21,15128,01:19:26.86
Prince George's County Government,UCO2d1EtrwB-VuFJAOxsApLg,Maryland,"(38.8180043, -76.7508472)",1,15061,01:50:15.17
Walton County Georgia Government,UCj0GzvDmT3kXYcl731gQhZQ,Georgia,"(33.7972101, -83.6962483)",14,15051,01:46:33.39
Pennsylvania Municipal League,UC4XZkKTzJb1Mn4PBweUcP6Q,Pennsylvania,"(40.2627665, -76.8867669)",32,14865,01:26:32.49
"City of Sanford, FL",UCrOGg6n2Qjw6yujcrwc0Z3g,Florida,"(28.8028612, -81.269453)",17,14756,01:30:52.0
DCRA Alaska,UCFSTJMeEaFAZloRXttusWtA,Alaska,"(61.215319, -149.8929102)",16,14699,01:34:7.36
SHTV1,UC0n_eLFiW2cCJ_24TSn9DjA,Michigan,"(44.3148443, -85.60236429999999)",15,14515,01:32:58.73
Huntsville AL Chamber,UCAAaVq-FtTy8HOhVel2f8sQ,Alabama,"(34.7321253, -86.59074179999999)",21,13190,01:43:45.65
"Orange County, NY Government",UCU3TVLdskRq8PPcLuNugy1A,New York,"(41.3911653, -74.3118212)",2,12922,01:09:5.88
"Apache County, AZ",UC2nB5nlo3B_zC-BapdrSE5A,Arizona,"(35.5313224, -109.3783206)",2,12690,01:47:37.45
Lovington CityHall,UClx_ZlWABOnJ8VIMCmNxUHQ,New Mexico,"(32.9469039, -103.3474216)",2,12407,01:39:28.2
CRTL Idaho,UCNgX63P-NrTDkW1b57j23jA,Idaho,"(43.448534, -112.082023)",6,12294,01:21:5.74
North Beach MD Town Meetings,UC8Fpm9HJuO0ucbnCqp5H60w,Maryland,"(38.7048652, -76.53337619999999)",2,11943,01:52:29.18
City of Idaho Falls,UCE2S6lYv_OBcXSLi1drW8Ng,Idaho,"(43.49266069999999, -112.0407584)",19,11843,01:17:6.75
Alaska Department of Fish and Game,UCuWzmB-DTkJ5QKz-SQj6ioQ,Alaska,"(58.299325, -134.4246039)",10,11534,01:14:34.3
New Jersey League of Municipalities,UCbce9oVw9LvO6vxNz_89mZw,New Jersey,"(40.2222399, -74.7735452)",13,11510,01:23:10.27
City of Portage,UCF2Ug3N2isAYPqthE20LMTQ,Indiana,"(41.5758707, -87.1761455)",2,11448,02:01:53.19
North Augusta SC 20/20 City Council Meetings Etc.,UCkwe765ru7YpKlWoeCj0DxA,South Carolina,"(33.5018026, -81.9651152)",17,11425,03:44:50.89
"City of Brentwood, TN",UCpy4tA7ME8ra38IDTTAXHVw,Tennessee,"(36.0331164, -86.78277720000001)",38,11132,01:25:43.7
Mesa Arizona,UCmLARnhYfg-Nrdn2tNVbamA,Arizona,"(33.4151843, -111.8314724)",11,11126,01:17:44.39
City of Enterprise,UCcNWtA7WWkhBthBak26TXnQ,Alabama,"(31.3151708, -85.85521609999999)",15,10894,01:31:14.44
"City of Parkersburg ,WV",UCnB1o9IZ7LWLn6rcupcRlDw,West Virginia,"(39.2667418, -81.56151349999999)",20,10821,04:41:19.18
"City of Minot, North Dakota",UC5lYczuYDY3kamyQAWkjzRA,North Dakota,"(48.2329668, -101.2922906)",11,10606,01:03:51.72
"City of Cuba, Missouri",UCh7i3_jSD81CUG2b4SsMRHw,Missouri,"(38.0628225, -91.40348329999999)",21,10511,04:39:21.21
Maryland Business for Responsive Government,UC9-lxdBwbGwCMl2Nci9x04A,Maryland,"(39.197507, -76.853346)",3,10486,01:16:34.48
County Supervisors Association of Arizona,UClaFI77eHUaMVsDH4uiQzFQ,Arizona,"(33.4476418, -112.1008513)",5,10323,01:06:6.8
CityOfTitusville,UCvQPDngBunvcPZsioiJuQ_g,Florida,"(28.6122187, -80.8075537)",10,10173,01:04:50.55
Oswego County Government,UC1ELFNINuYGu9umMYQoyKMg,New York,"(43.4576398, -76.5061367)",4,9733,02:51:17.32
City of Concord NH,UCDD8p5ZXUSNhW3_l8S78W5w,New Hampshire,"(43.2081366, -71.5375718)",15,9664,01:18:41.72
"City of Plattsburgh, New York",UC7H36PiuYNJJkZpczbLvCbw,New York,"(44.6994873, -73.4529124)",1,9499,01:06:17.34
LakeCountyTV,UCnKKNni9P9HgvUhNlszYu4w,Illinois,"(42.3689363, -87.8271534)",15,9423,00:57:40.79
"City of Ashland, KY",UCyq2LQ4SfzpLNVVsiOXG35w,Kentucky,"(38.4784144, -82.63793869999999)",1,9417,01:08:58.39
St. Louis County,UC2zQKsLDopMP6vAxDzAD0gw,Missouri,"(38.6103023, -90.4125181)",7,9130,00:58:59.6
"Lake County, FL - Government",UCd3YB4jmtmtKA1VkRXw33aQ,Florida,"(28.801728, -81.72981)",26,9111,00:56:16.41
"City of Beresford, South Dakota",UCPY5tEeuWxpKG4zHoSzAPVg,South Dakota,"(43.0805446, -96.77365499999999)",3,9073,02:01:10.89
"Town of Scottsville, Virginia",UCaHK29YBXdB-aMl_b6e7rhA,Virginia,"(37.798754, -78.4955648)",2,9067,01:17:14.89
"Lebanon, Indiana",UCr7VceVqyRwrsJEhejJinGQ,Indiana,"(40.0483744, -86.4691677)",5,8791,00:52:43.82
City of Corona,UC9_CEJrk_tnfVR7hyl6Kpwg,California,"(33.8752935, -117.5664384)",12,8783,01:00:8.01
League of Minnesota Cities,UC7dPiX83ITyP5YJokRKC8rw,Minnesota,"(44.95609, -93.10669)",16,8779,00:53:42.67
Maryland Municipal League,UCgG96iwVAdX7Y-RNL2u8pow,Maryland,"(38.9777014, -76.5132089)",24,8694,00:59:40.94
NH Municipal Association,UCJAJA0rcyK-nviBQyZbDSRw,New Hampshire,"(43.2191404, -71.4880368)",1,8395,00:55:55.1
Overlook NM,UCzdNUVVmpA4paSfwJUGjaLQ,New Mexico,"(35.3069845, -106.4486358)",16,8391,00:56:29.85
"City of Rosemount, MN",UCHJ2l9oFLxFeDoISijWtNMQ,Minnesota,"(44.7394103, -93.12577230000001)",2,8325,00:54:16.27
CityPortStLucie,UClq_tphDlSHirmsyLeHJiig,Florida,"(27.2730492, -80.3582261)",2,8169,00:46:38.09
City of Milwaukie Oregon,UCRFbfqe3OnDWLQKSB_m9cAw,Oregon,"(45.4465323, -122.6323315)",8,8136,00:52:6.63
"City of Clovis, NM",UC3jy8DqeO4AA3GiB73JSyMQ,New Mexico,"(34.4047987, -103.2052272)",6,8118,01:04:21.56
ConnecticutNetworkTV,UC5i71kM8tvpFKG60XyLLRMA,Connecticut,"(41.7640311, -72.6843145)",14,8056,00:47:1.55
Illinois Youth & Government,UCpPYpbakFJmcoyhF-9mersw,Illinois,"(41.8330175, -88.01940429999999)",7,8031,00:58:50.48
City of Springfield MA,UCKWQmyAdZvtvGGN6rAFNJcA,Massachusetts,"(42.1014831, -72.589811)",10,8030,01:04:10.99
LA City Emergency Management,UChO9l1ByinQ7u1epchCv3vg,California,"(34.0505911, -118.1763924)",16,7886,00:51:21.12
"City of Huntington, WV",UCIbOv9DiKt7s8KPLAjRwD8g,West Virginia,"(38.4192496, -82.44515400000002)",5,7858,01:08:5.46
Middlesex County NJ,UCHno4CX2XIYE_ZG34zkIeNA,New Jersey,"(40.4111363, -74.35874729999999)",13,7797,00:46:29.03
"Unified Government of Wyandotte County / Kansas City, KS",UC64VEdFxbNUAkmtYHwXwoJA,Kansas,"(39.1129848, -94.62542409999999)",3,7387,00:58:32.53
Iowa Government,UCc0mFeh-UgNJJ8rckSDSeFw,Iowa,"(41.5925005, -93.5985932)",7,7331,00:52:22.62
"City of Columbia, TN",UCjjZOwKcE8_lPi4KmbzoI0g,Tennessee,"(35.6150716, -87.0352831)",11,7100,00:42:49.54
cityofmesquitetexas,UCISuuU-1AZXnm0-k_2sfJOQ,Texas,"(32.76679550000001, -96.5991593)",7,6979,00:48:41.93
pcctv1,UCXRyq4zJBFhs8zpTiIGQL5Q,Florida,"(27.876394, -82.7778579)",5,6948,00:40:22.2
CityofPalmdale,UCJHoqIwLNDlVFu7vZEJNkdA,California,"(34.5794343, -118.1164613)",2,6673,00:38:46.32
City of Kitttitas WA 98934,UCEzXaxmyxepL5x1y2Y6c3Mw,Washington,"(46.9802702, -120.416799)",2,6507,01:04:37.35
"City of Altoona, WI",UCLG1rb91nDPt2S5APItfccg,Wisconsin,"(44.8046825, -91.44321479999999)",8,6480,00:53:37.31
City of San Diego,UCCd4neYX0bX9UEYKJZsgpBw,California,"(32.715738, -117.1610838)",1,6334,00:45:57.07
TheBurbankChannel,UCNDlWLv3ZR1YlYRBxemNF3A,California,"(36.778261, -119.4179324)",1,6214,00:51:17.1
"City of Jacksonville, Florida",UCDz1-m1rzglGoYCHG-yTLaA,Florida,"(30.3321838, -81.65565099999999)",7,5933,00:39:11.97
City of El Monte CA Government,UCTnXHhiP0BUIOeo3mGSZ4rg,California,"(34.0682658, -118.0616936)",3,5931,00:49:17.7
Default Name,UCkEAENbr83XdYgNYXG1ZJMw,New Hampshire,"(43.1938516, -71.5723953)",1,5884,00:35:28.49
Georgia Municipal Cemetery Association,UChq_4HlWrpaIhozKkgS2LWA,Georgia,"(33.715605, -84.4496102)",1,5868,00:36:24.11
CityofLeagueCityTX,UCRyTPtc3XEWCGGpT7ddmcJg,Texas,"(29.5074538, -95.0949303)",24,5399,00:34:3.36
Brookfield CT,UCe10fHPwRxmDQ9oxitmqn3g,Connecticut,"(41.4825947, -73.4095652)",1,5064,00:39:2.23
Coral Springs,UCpJTI3iON45k4Lzx3c66u_w,Florida,"(26.271192, -80.2706044)",2,4870,00:27:3.11
CCE Delaware County,UCN4iNbSfXcItXlXBXsBHzSA,New York,"(42.180805, -75.0120829)",10,4866,00:39:52.41
NM Youth And Government,UC6ZG3Yjs3LoQnRtvrbZ0gYg,New Mexico,"(35.1116958, -106.6320615)",4,4860,00:29:4.95
Salem County Government NJ,UCB_2qtc3DG7v5JbRq-7HZ-Q,New Jersey,"(39.5730773, -75.466768)",15,4854,00:33:53.33
Larimer County Government,UCTZ-neESjN8BeV_MKQEc5Uw,Colorado,"(40.5865084, -105.0797411)",1,4779,00:31:42.16
ClarkCountyNV,UCjTkV9P9szNXPht8tJKl0aw,Nevada,"(36.0795613, -115.094045)",12,4692,00:30:19.6
fultoncountybcbs,UCwvUHaBlFXXlE56OIqw18bQ,Georgia,"(33.8477268, -84.36819779999999)",6,4689,00:52:8.8
New York City Council Member Laurie A. Cumbo,UCxBVCe2yzB9z24oMA6WovEw,New York,"(40.6679029, -73.9309916)",21,4609,00:30:17.29
MS Library Commission,UCQ3sc0r86d2-cZ-NngizHRA,Mississippi,"(32.3394965, -90.14696359999999)",13,4602,00:31:36.12
City of Maple Valley - Official,UCBOARNqj0-h6M0r0q8xgY-A,Washington,"(47.3911867, -122.047031)",8,4426,00:26:3.43
"City of Battle Ground, WA",UCdncPb-Uoz18wrk91zGhBig,Washington,"(45.7806939, -122.5475467)",1,4352,00:28:6.21
Westchester County Government New York,UCOE0wn9vJwY2TcgJNBIpIDA,New York,"(41.0294391, -73.76753719999999)",5,4214,00:30:54.01
Green Government Montgomery County MD,UCvrndKse0tZwqiF70tW7m_w,Maryland,"(38.9850174, -77.08889719999999)",9,3948,00:24:4.46
Hawaii Island Coalition Malama Pono,UCG_UY_FWy2kuHEmC2Suox7w,Hawaii,"(19.6370629, -155.9892782)",8,3944,00:26:25.69
"City of Dublin, CA",UCVxFLCImmHgKXs9RQkY6OkA,California,"(37.7021521, -121.9357918)",7,3816,00:28:59.75
"Decatur, Indiana",UCYCQSTh8vJ2DEH8IrkbkD3g,Indiana,"(40.830603, -84.9291329)",5,3811,00:22:57.76
Minnesota YMCA YIG Youth in Government,UCcr5YqIWxXtSQ4NbKzhQoCA,Minnesota,"(44.9774001, -93.2307091)",10,3735,00:28:25.04
CityofChulaVista,UCGCeNmeSButuOp4yFCIh9Iw,California,"(32.6400541, -117.0841955)",15,3699,00:26:20.09
Oklahoma Municipal League,UCq709y5jiSJf5sPulXKoXww,Oklahoma,"(35.493524, -97.507459)",11,3679,00:21:52.39
GainesvilleDistrictSupervisorPWC,UCaC60DAYb0S1-YQ9LcV_0pQ,Virginia,"(37.4315734, -78.6568942)",9,3673,00:26:16.16
CityofTacoma,UCeE_KkLW1qXJvzHPt6jCquQ,Washington,"(47.2528768, -122.4442906)",2,3558,00:20:54.01
"City of Mt. Shasta, California",UC3RTHPMvubRfg1lMsXVKzNg,California,"(41.3098746, -122.3105666)",11,3471,00:26:32.96
"Spring Lake, NC",UCm0CjxLmNE738zbbEDXqKbg,North Carolina,"(35.1679395, -78.97280560000002)",2,3451,00:30:14.05
AroundTulareCounty,UCI-iY8dkFYiDdTAHhtFglRg,California,"(36.1341739, -118.8596804)",7,3422,00:25:21.21
Kentucky Department for Local Government - DLG,UC4CErK3o_ZmjaQNdxYDUqtg,Kentucky,"(38.1839425, -84.8144551)",13,3340,00:21:40.47
City of Moundridge,UCSnGSURxMyO02DQK17O7xJg,Kansas,"(38.203065, -97.5192065)",16,3274,00:21:27.38
Florida Government,UCy9172bFY8usKzYt_KQGBJw,Florida,"(30.4380486, -84.2850717)",4,3163,00:19:17.82
"City of Huntington, Indiana",UC8hwdT9hgRsEUzl-aPlM1vA,Indiana,"(40.8831011, -85.49747599999999)",5,3005,00:24:20.5
Monmouth County Government,UCNgA5BEjpF7x7ckw8qrXtLw,New Jersey,"(40.2646141, -74.2504763)",14,2984,00:17:22.32
"City of Galesburg, IL",UCaRXtxhs0iGsSDksooZwC7g,Illinois,"(40.94781580000001, -90.3712395)",2,2910,00:20:26.03
Snohomish County,UCklxVJ_qnhWVL3Obl2aYB2w,Washington,"(48.0329979, -121.8339472)",7,2820,00:20:49.37
North Dakota AFL-CIO,UCNEsTdrFb3fgJBD_QzKr_ug,North Dakota,"(46.803712, -100.771268)",2,2686,00:18:16.96
City of Boone Iowa,UCnBMeDzthqeoIe7LHv2cwvQ,Iowa,"(42.0597047, -93.8802273)",14,2666,01:05:30.43
Wisconsin BBA Government,UCM7ezxQo8FxzGRqalOuAXYw,Wisconsin,"(43.0727758, -89.4014904)",12,2643,00:19:29.7
Cook County Government,UCeg42agpsybX9TfCu8jz2tA,Illinois,"(41.8802735, -87.6308317)",9,2609,00:17:10.7
Baltimore County,UCIDK1jaFTzM-z_vSFphn4bw,Maryland,"(39.4647665, -76.7336521)",1,2576,00:15:5.08
DurhamSWCD,UCMltA0_udTzJ1BXvhKR4WJw,North Carolina,"(36.0045172, -78.90172609999999)",3,2570,00:17:56.66
City of Iowa City Government,UCxvLmwfHhFfaqHnQYrhncqA,Iowa,"(41.6604909, -91.52949319999999)",1,2527,00:20:3.59
Mississippi Department of Human Services,UCyIAzmybt32v-YoYNYbDVHw,Mississippi,"(32.2983727, -90.1860277)",5,2366,00:16:48.74
"City of Portage, WI",UC1js1AsdSXS9xpPGeQDfHSQ,Wisconsin,"(43.5391486, -89.46262019999999)",8,2296,00:13:49.98
Bellevue Television,UCW22suSoHWumwarCbu3NkOg,Washington,"(47.60455899999999, -122.1305799)",3,2295,00:14:15.84
Montana Municipal Interlocal Authority,UCTJLv2_9DzbmeSdMrqOzHYQ,Montana,"(46.616824, -112.030694)",3,2201,00:12:43.34
Rialto Network,UCFjyuwhE1mcZvgkHnsKRTfg,California,"(34.0996639, -117.3734121)",1,2169,00:14:49.04
Oconee County GA Government,UCwmtvTm8RGjiwmHUO8DP1mw,Georgia,"(33.855574, -83.39978049999999)",9,2073,00:13:12.84
Alabama Together,UCDWgz3YCxKXKbV9fGstbeLw,Alabama,"(32.3182314, -86.902298)",8,2057,00:17:7.28
"Carroll County, Virginia",UC0g49JAgfj_NkbR6eDtgdyw,Virginia,"(36.6778699, -80.7214417)",3,1982,00:14:29.73
City of La Quinta,UCG54GVUvLwUvZPCx596LbkQ,California,"(33.6633573, -116.3100095)",6,1932,00:15:22.49
"City of Portsmouth, New Hampshire",UCXUNd8goAjKxc_aXfvXIKdw,New Hampshire,"(43.0717552, -70.7625532)",1,1840,00:12:30.69
City of Beaumont - Government,UCnY6nNk8zfXZulMg1zbwEBg,Texas,"(30.0818183, -94.0944202)",9,1806,00:15:23.97
Maryland YMCA Youth & Government,UCC0szOnY50huTkcp1kqB3Rg,Maryland,"(39.0127117, -77.01631809999999)",2,1774,00:16:5.25
LCDC Maine,UCXdIEZfDNG_QgJOAmCtWn8Q,Maine,"(44.0119619, -69.34129279999999)",19,1667,00:10:45.11
Utah Office of the State Auditor Local Government Division,UC_zj1HbPzVfj5hzv89KCu6w,Utah,"(40.7775314, -111.8878716)",6,1631,00:11:3.03
Ownby US/VA Government,UCMJ9hCPzPs_DiPcX-GQEjZw,Virginia,"(37.5633011, -77.4569801)",4,1480,00:08:34.94
Cass County ND,UC2YN9WLXQ0kjDXIwdcPYC9Q,North Dakota,"(47.071168, -97.12155790000001)",6,1469,00:10:9.16
New Mexico House of Representatives,UCIrMQ6ct5h9f2f6-_uZpNOw,New Mexico,"(35.6821782, -105.9396627)",7,1267,00:07:29.49
Maricopa County,UCZKASNi4Nm27rw3gfUIjEKA,Arizona,"(33.2917968, -112.4291464)",5,1247,00:08:10.09
Dane County Board of Supervisors,UCgfH3y3SXmNkSZkjp7kCUdQ,Wisconsin,"(43.072422, -89.382392)",2,1130,00:07:56.63
Warren County Board of Supervisors,UCPx4uFe9iTsgC7dZrpKfw1A,Mississippi,"(32.353067, -90.87843620000001)",1,1130,00:06:46.73
Maine Bureau of Human Resources,UCu-W8zF89UHdxwvJbpx6esA,Maine,"(44.30731979999999, -69.7828983)",4,1122,00:06:13.73
collincountygovt,UC-E9aeShO9W7onfC1AoIwzw,Texas,"(33.241749, -96.6318)",1,1110,00:09:28.77
"City of Gravette, Arkansas - Official",UC5L-KVG-9wiBtZRebmjX5pQ,Arkansas,"(36.4220207, -94.4535484)",3,1074,00:06:4.11
Pierce County Television,UCGvPR0hQZnSAeetnsdjkUMQ,Washington,"(47.24202210000001, -122.4673488)",1,1071,00:06:59.02
KS Legislature,UC_0NO-Pb96CFABvxDwXAq8A,Kansas,"(39.0478237, -95.6767883)",2,1058,00:28:50.54
Louisiana Municipal Association,UCHLSr4SUANCYoYEpQatv5UA,Louisiana,"(30.4538341, -91.1798063)",3,1056,00:09:44.25
"City of Ammon, Idaho",UC9fNsA0JthGQ7mD8wB7FJXQ,Idaho,"(43.4696366, -111.9666355)",1,1048,00:07:37.45
"Peoria County, IL, Government",UC-qaAdj6tzIxqi3odzEoMlQ,Illinois,"(40.6929334, -89.5897553)",4,1041,00:07:30.69
